,Timestamp,Score,ID,Gender,Height,Weight,CGPA,Daily spent time in social media (hour),Hometown,How many days in a week you feel more energetic,Favorite transport mode,Favorite food names,Expected food price of that favorite food,Month cost for that particular food,What do you like home delivery or eat in the restaurant,University travel cost monthly,Hobby,Travel package you prefer,Sickness-frequency in a month,Favorite food in summer/winter/rainy season,Food flavor,Hangout location(Spend most of the time),Typically you go out with,Travel budget,favourite restaurant,Unnamed: 25,Restaurant location,Live with family(y/n),Are you happy with current situation?,Number of programming hours spent per day,Sleep duration,Do you start your day by planning(y/n),Do you have online shopping experience (y/n),Do you use products for grooming(y/n),Favourite food in rainy season,Prefers(food_quality/environment),No of time home delivery over a month(Number),No of time goes to restaurant over a month( n umber),Pickup location of yours for bus,Pickup time of yours for bus,Your bank name,Preferred shopping area,Monthly frequencies of shopping,Do you prefer to play in Gaming Zone ?,Are you fashion active,Which colour do you prefer(red/yellow)?,Which cloths do you choose to wear(urban/linen shirt and trousers/jeans&shirt)?,Do you feel low seeing other people's achievement on social media,Recently how many of your family members/neighbours affected by dengue,do you find bargaining pleasing?,Actual motive behind your future goal?,Would you still pursue your goal if the motive behind it is fulfilled in another way?,Do you think it is a good idea to go to a well known shop just for the sake of social status?why?,How much do you earn monthly?,Wake up time?,When is your class starting time,When is your class ending time,What do you love most?,Are you satisfied with your country’s law?,Which law do you prefer more?,What’s your view about law enforcement groups?,Are you eager to harm yourself to defend your beliefs?,"How frequently you visit a doctor within a year""",How many people do you follow on social media?,How much time you spend in university without academic curriculum(in hour)?,Are you rich in vocabulary?,"Class note taking tendency(High,Low,Medium)","Theory class attendance(h,l,m)","Theory class interest(h,l,m)","Lab interest(h,l,m)",Preference(class lectures cl or online tutorials),Place Name,Latitude,Longitude,Place Name2,Latitude2,Longitude2,Food you like most,Leisure time activity,Future plan,Typically your days are started at:
0,3/29/2019 0:23:23,0 / 1,121440946,Male,5 ft 10 inch,90,2.34,Below 1 hour,Comilla,5,Bus,Soup,150,300,Home delivery,800.0,Gardening,Silver,Fever,Fruits,Sweet,Gazipur,Alone,400,Xinxian,,Mirpur,Yes,Yes,2.0,6,Maybe,Yes,Yes,Khichury,Environment,3,1,Mirpur,Mirpur,One bank,Mirpur,Educational,Yes,No,Yellow,Linen shirt and trousers,No,None,No,Self sufficient,No,No.it is not a good idea,200,06:00:00,08:00:00,06:00:00,Religion,Maybe,Religious law,positive,No,3,20,2,Yes,Medium,H,Medium,Medium,Online tutorials,Mirpur,23.838115,90.36452,New York,40.712776,-74.005974,Nothing Specific,Listening songs,Higher Study,07:00:00
1,3/29/2019 3:00:10,0 / 1,131440910,Female,"5'3""",42,2.5,2019-05-02 00:00:00,Bogra,4,Rickshaw,pizza,300,300,Home delivery,0.0,making sketch,Silver,sometime,mango,Sweet,At friend's house,Friends,medium,Al fresco,Option 1,khilgaon,No,No,1.0,6,Yes,Yes,No,green tea,food quality,2,2019-03-02 00:00:00,none,none,none,gulshan,1/2 times,No,Maybe,Yellow,all,No,none,No,earn money,yes,no,3000,09:00:00,10:30:00,18:00:00,Religion,No,Religious law,Negative,No,sometimes,few,0,Maybe,Medium,m,Medium,High,Class lectures,Modhubag,23.757242,90.412399,Paris,48.856613,2.352222,Pizza,sketch,Graphic Design,09:00:00
2,3/28/2019 23:40:52,0 / 1,131440969,Male,5.4,60,2.8,2019-05-02 00:00:00,Narsinghdi,3,Rickshaw,Biriani,200,1000,eating in a restaurant,1500.0,Reading book,Gold,3,Biriani,Sweet,Gulshan 1,Friends,5000,kfc,Option 1,Gulshan 1,No,Maybe,1.0,8,No,Yes,No,Khichori,food_quality,2,4,Mohakhali,10,Dutch Bangla Bank ltd.,Gulshan 1,2,Yes,No,Yellow,jeans&shirt,Yes,0,No,Earn money,yes,no,0,07:00:00,08:30:00,18:00:00,Country,No,Country law,Negative,Maybe,5,10,1,Maybe,Medium,h,Medium,Medium,Online tutorials,Niketan Bazar,28.35018,77.28774,Niagara Falls,43.082817,-79.074165,Biriyani,Watching Movie,Higher Study,10:00:00
3,3/28/2019 23:17:47,0 / 1,141340900,Male,5'8'',70,2.47,Above 5 hour,Rajshahi,5,,Beef,450,1500,eating in a restaurant,3000.0,Playing cricket,Gold,2,Mango,Spicy,Rajshahi,Alone,3000,AL KADERIA,Option 1,Hazipara,No,No,2.0,5,No,Yes,No,KHichudi,,2,2,"WEst hazipara,rampura ,dhaka",8,Islami bank limited,Basundhara,2,No,No,RED,urban,No,0,Yes,dont know,yes,yes,0,07:00:00,01:00:00,13:00:00,Country,No,Country law,Negative,Yes,1,200,0,Maybe,Low,,,Medium,Online tutorials,modhubag,23.757243,90.412399,New York,40.712776,-74.005974,Kacchi,Watching cricket,Any job,08:00:00
4,3/24/2019 15:31:24,0 / 1,141440899,Female,156cm,76,3.62,2019-05-02 00:00:00,Chittagong,3,Rickshaw,Pasta,350,2000,Home delivery,2000.0,Reading Books,Gold,two or three times,Pasta,Spicy,Hometown,Friends,5000,Madchef,Option 1,Banani,Yes,Yes,2.0,8,No,Yes,Maybe,Tea or coffee,food_quality,10,6,Mohakhali,3:30pm,Dhaka Bank,Gulshan,2 or 3 times,Yes,Yes,RED,jeans and shirt,No,2,No,Want to do Masters for good job.,Yes i will,No I dont need to,I dont earn as I m a student,09:00:00,10:30:00,06:30:00,Religion,No,Religious law,positive,No,3 times,100,2,Maybe,High,h,High,Medium,Class lectures,Mohakhali DOHS,23.78286,90.395439,Canada,56.130367,-106.346771,Pasta,Rading Books,Higher Study,10:00:00
5,3/24/2019 15:32:33,0 / 1,141440945,Male,5 feet 10.5 inches,72,2.88,2019-05-02 00:00:00,Kushtia,4,Car,Pasta,235,470,Home delivery,3000.0,Playing Football,Gold,1,Mango,Spicy,My room,Alone,5000,Take out,Option 1,Dhanmondi,Yes,No,3.0,5,Maybe,Yes,Yes,khichuri,environment,2,2,zigatola,Afternoon,Pubali Bank,dhanmondi,1,Yes,Maybe,RED,jeans&shirt,Yes,2,No,Live decently,Yes,No,15000,09:00:00,08:00:00,18:00:00,Religion,No,Country law,Negative,No,0,200,0,Maybe,High,High,Medium,High,Online tutorials,Dhanmondi,23.741067,90.364753,Columbia,36.133583,-95.951584,Nothing specific,Watching Movie,Higher Study,09:30:00
6,3/31/2019 10:56:25,0 / 1,141440962,Male,5.6,64,,2019-05-02 00:00:00,Mymensingh,4,Car,Pizza,150-200,6000,Home delivery,3500.0,Watching Movies,Gold,2019-02-01 00:00:00,"Mango,black berry,orange",Spicy,Shiddeswari,Friends,6000-8000,Pizza Hut,Option 1,Baily Road,Yes,Yes,1.0,6,No,Yes,No,,,8,2019-04-03 00:00:00,Malibagh,7,,Bashundhara city,2-3 times,Maybe,Maybe,RED,Jeans&shirt,No,None,No,Religion,No,"Yes,to check the quality.",,05:00:00,08:00:00,03:30:00,Country,Maybe,Country law,positive,Maybe,2019-03-02 00:00:00,2019-06-05 00:00:00,,No,Low,M,Low,Medium,Online tutorials,Rajarbag,23.742991,90.416032,Makkah,21.389082,39.85791,Beef,Reading,Higher Study,07:30:00
7,3/30/2019 0:52:07,0 / 1,141440980,Male,5.5 ft,57,2.4,Below 1 hour,Dhaka,5,Car,Kacchi,170,1000,eating in a restaurant,8000.0,gardening,Platinum,2019-03-02 00:00:00,kacchi,Sweet,varsity,Friends,5000,alfresco,Option 1,khilgaon,Yes,Yes,1.0,8,No,Yes,No,vona khichuri,environment,5,3,Mirpur 10,10 min,Dus bangla bank,bashundhara shopping mall,1,Yes,No,RED,jeans&shirt,No,no one,Yes,happiness,yes,yes because they know me well & don't give me wrong things,10000,07:00:00,08:00:00,18:00:00,Country,Yes,Religious law,positive,Yes,2019-03-02 00:00:00,20,1,Yes,Medium,h,Medium,High,Class lectures,Mirpur,33.147984,73.75367,Canada,56.13036,-106.34577,Kacchi,Online Games,Higher Study,08:00:00
8,3/27/2019 12:44:36,0 / 1,151340894,Male,6 feet,73,2.84,2019-05-02 00:00:00,Comilla,5,Cycle,Tehari,120,600,eating in a restaurant,4000.0,Listening Song,Platinum,No,Mango/biriyani/khichuri,Spicy,University,Friends,6000,Pizzaburg,Option 1,Mirpur 1,Yes,Maybe,0.0,8,No,Yes,Maybe,Khichuri,food_quality,1,3,Mirpur 11 1/2,07:00:00,,New Market,1,No,Maybe,RED,Jeans&shirt,No,0,Yes,,,No,5000,07:00:00,08:00:00,03:30:00,Country,No,Country law,Negative,No,2,15,3,Maybe,Low,0.9,Low,Medium,Online tutorials,Mirpur,23.776604,90.382988,Saint Martin,20.623345,92.323007,Biriyani,listening music,Higher Study,08:00:00
9,3/27/2019 12:41:13,0 / 1,151340897,Male,"6.0""",85,3.53,Below 1 hour,Brahmanbaria,5,Cycle,Milk,200,300,Home delivery,0.0,Reading Newspaper,Silver,1,Pitha,Sweet,Room,Friends,100,B Baria,Option 1,B Baria,Yes,Yes,0.0,6,Maybe,Yes,No,Pitha,Warm,0,0,Hatirjhil,Hatirjhil,I have not,Bashundhara City,1,No,No,RED,urban,No,0,No,To make my family happy,yes,No,1000,06:30:00,08:00:00,04:30:00,Religion,No,Religious law,Negative,No,less frequent,very few,around 1 hour,Maybe,Medium,h,High,Medium,Online tutorials,Mohanogor,23.734558,90.384998,Canada,56.130367,-106.346771,Egg and Milk,Reading Newspapers,Higher Study,06:30:00
10,3/27/2019 12:39:08,0 / 1,151340898,Female,5.5,60,3.77,2019-05-02 00:00:00,Dhaka,3,Rickshaw,Coffee,80,500,eating in a restaurant,3000.0,Reading Books,Gold,1,Coffee/Coffee/Coffee,Sweet,Bailey Road,Friends,10000,North End,Option 1,Gulshan,Yes,Maybe,3.0,6,No,Yes,Yes,Coffee,environment,1,10,Motijheel,10,One Bank,Dhanmondi,1,No,Maybe,RED,urban,Yes,0,No,Make my mother proud,Yes,No. Showing off is not the real happiness.,10000,10:00:00,10:30:00,15:30:00,Religion,No,Country law,Negative,No,1,20,3,Yes,Low,m,Medium,High,Online tutorials,Gopibag,23.722109,90.426212,Bandarban,-7.73352,112.95887,Tea,ChitChat with friends,Traveling,10:00:00
11,3/27/2019 12:42:17,0 / 1,151340900,Male,5.8,82,2.75,Below 1 hour,Dhaka,4,Rickshaw,"Hilsha, Shrimps",500-1000,1000,eating in a restaurant,1500.0,Traveling.,Gold,zero.,"Fish, Vegetable, Beef.",Sweet,AUST,Alone,10000-15000,Hotel Radisson.,Option 1,,No,No,0.0,6,Yes,Yes,No,Fish.,Yes.,3,3,Rampura Bazar,1hour,One Bank,Bashundhara.,2500,No,No,RED,"Jeans,shirt.",No,2,No,Yes,No.,I don't like it.,"17,000 Tk.",08:00:00,08:00:00,15:30:00,Religion,No,Religious law,positive,Maybe,Not.,15,5 hours.,Yes,Medium,High.,Medium,Medium,Class lectures,Rampura,23.761227,90.420769,Norway,22.32002,39.10083,Hilsa,Reading Magazines,BCS,08:00:00
12,3/27/2019 12:45:49,0 / 1,151340901,Male,5'8'',82,3.246,2019-05-02 00:00:00,"Kurigram, Rangpur",4,Rickshaw,Mutton Biriyani,140,500,Home delivery,3000.0,Online Gaming,Gold,0,mango/biriyani/khichuri,Spicy,Bailey Road,Friends,6000,Cafe Darbar,Option 1,Dhanmondi,Yes,Maybe,2.0,5,No,Yes,No,khichuri,food_qualiy,10,2,Shantinagar,10,City Bank,Bashundhara City,0,Yes,No,RED,jeans & shirt,No,0,Yes,Safe Life,Yes,No. sometimes seek high price,5000,07:00:00,08:00:00,03:30:00,Religion,Maybe,Religious law,Negative,No,1,1,2,Maybe,Medium,m,Medium,High,Online tutorials,Shantinagar,23.7382,90.4143,Malaysia,4.2105,101.9758,Biriyani,Online Gaming,BCS,09:00:00
13,3/27/2019 12:43:20,0 / 1,151340902,Female,5''5',61,3.46,2019-05-02 00:00:00,kishoreganj,3,Car,Pizza,250,700,eating in a restaurant,1000.0,"watching series, movies",Gold,2,mango/vegetable,Spicy,University,Family,5000,Manhattan Fish Market,Option 1,Banani,Yes,Maybe,,8,Maybe,Yes,Yes,Beef,food_quality,0,4,Not Applicable,Not Applicable,National Bank Limited,Dhanmondi,1,No,Maybe,RED,urban,Maybe,NOne,Yes,success,,I don't think it's a good idea,0,10:00:00,10:30:00,03:30:00,Religion,No,Religious law,Negative,No,1,400,4,Maybe,Low,h,Medium,High,Online tutorials,Siddeswari,23.70731,90.41548,Santorini,36.393154,25.46151,Biriyani,"Watching movies, series",Higher Study,10:00:00
14,3/27/2019 12:42:34,0 / 1,151340903,Male,5.6 feet,68,2.85,2019-05-02 00:00:00,Dhaka,3,Cycle,Tehari,150tk,1500tk,eating in a restaurant,1500.0,Research,Silver,2,Mango/kacchi/ice-cream,Spicy,tong,Friends,7000,Bukhara,Option 1,Banani,Yes,Yes,1.0,10,Maybe,No,Maybe,ice-cream,food_quality,0,4,Gulistan,09:30:00,,Bashundhara Super Market,1,No,Maybe,RED,jeans&shirt,Maybe,8,Maybe,Data Distribution,Yes,"No, Its stupid",20000,11:45:00,10:30:00,15:30:00,Religion,No,Religious law,Negative,No,2,300,2,Yes,Low,h,High,High,Class lectures,Narinda,23.70731,90.41548,Istanbul,41.00824,28.978359,Mutton,Documentary,Afflulent,11:00:00
15,3/27/2019 12:47:51,0 / 1,151340904,Male,"5' 9""",67,,Below 1 hour,Barisal,3,Rickshaw,chicken,100,1200,eating in a restaurant,2000.0,pet pigeon,Gold,0,"mango, cake, hotchpotch",Spicy,,Alone,7000,pabulum,Option 1,shantinagar,Yes,Yes,2.0,6,Yes,Yes,No,Hotchpotch,khilgaon,3,5,Mugda,8.am,Al-Arafah Islami Bank,New Market,3,Yes,No,RED,Linen Shirt and trousers,Maybe,0,Maybe,My Family,yes,No.,15000,05:30:00,08:00:00,03:30:00,Religion,No,Religious law,Negative,No,0,0,0,Maybe,High,h,High,Medium,Class lectures,Mugdapara,23.730534,90.446159,Niagara Falls,43.089558,-79.084946,"Chicken,Egg & Milk",Reading Books,Higher Study,06:00:00
16,3/27/2019 12:37:01,0 / 1,151340905,Female,5.2,58,3.93,2019-05-02 00:00:00,Comilla,2019-02-01 00:00:00,Rickshaw,Pizza,500,1000,eating in a restaurant,4500.0,Cooking,Silver,2,Khichuri,Spicy,Baily Road,Friends,5000,Alkaderia Express,Option 1,Malibag Chowdhurypara,Yes,No,1.0,8,Maybe,Yes,Yes,Khichuri,food_quality,2,3,Malibag,9.00 am,Dutch Bangla Bank Limited,Islampur,2,Maybe,Maybe,Yellow,urban,Maybe,0,No,I want to pursue teaching,No,No,10000,09:30:00,08:00:00,15:30:00,Religion,No,Religious law,Negative,No,2,20,1,Maybe,High,h,Medium,Medium,Online tutorials,Shahidbag,23.828959,90.375672,Paris,48.856613,2.352222,Pizza,Cooking,Teaching,09:00:00
17,3/27/2019 12:42:07,0 / 1,151340906,Male,5.75,55,3.0,2019-05-02 00:00:00,Feni,4,Cycle,Beef curry,120,240,Home delivery,0.0,Reading books,Silver,1,Mango/Khola pitha/Khichuri,Spicy,Dhanmondi,Friends,2000,Takeout 2.0,Option 1,Dhanmondi,No,Yes,0.5,10,Maybe,Yes,No,Khichuri,Food quality,2,1,Nabisco,Anytime,None,Gulistan,1,Yes,Maybe,Yellow,Urban and Jeans&shirt,No,2,Yes,Independence,No,No,0,10:00:00,10:30:00,15:30:00,Religion,No,Religious law,Negative,Maybe,2,10,5,Maybe,Low,M,Medium,High,Online tutorials,Tejgaon,23.759815,90.391319,Chittagong,22.356852,91.78318,Khola pitha,Exploring,BCS,11:00:00
18,3/27/2019 12:41:23,0 / 1,151340907,Male,5.7,62,3.31,2019-05-02 00:00:00,Chittagong,3,Rickshaw,Biriyani,160,1000,eating in a restaurant,500.0,Playing Cricket,Silver,1,Khichuri,Spicy,Dhanmondi,Friends,2000,Cafe Appeliano,,"Khilgaon, Dhaka",No,Yes,1.0,6,Yes,Yes,No,Khichuri,food_quality,0,3,Rampura,11:00:00,Mutual trust Bank,Bashundhara,1,Maybe,Maybe,RED,jeans&shirt,No,0,Yes,I want to pursue teaching,no,No. Not necessary,4000,09:00:00,10:30:00,03:30:00,Religion,Yes,Religious law,positive,No,1,10,2,No,Medium,h,Medium,Medium,Class lectures,Rampura,23.70731,90.41548,Chittagong,22.356852,91.78318,Biriyani,Reading Books,Teaching,09:00:00
19,3/27/2019 12:42:49,0 / 1,151340909,Female,5''9',74,3.58,2019-05-02 00:00:00,Comilla,3,Rickshaw,Chicken,300,3000,Home delivery,2000.0,Watching Movie,Platinum,once,lichi/pitha/chicken & khichuri,Sweet,University,Friends,8000,Yum Cha district,,Banani,Yes,Maybe,0.0,10,Maybe,Yes,Yes,khichui & chicken,environment,0,4,Not applicable,Not applicable,Not applicable,Rampura,5,Maybe,Yes,RED,urban,Maybe,2,Maybe,Money,Probably,No,3000,09:00:00,10:00:00,15:30:00,Country,No,Country law,Negative,No,once,50,2,Maybe,Low,m,Low,High,Online tutorials,Aftabnagar,23.768518,90.425641,Philipines,12.879721,121.774017,Chicken,"watching movies,series",Entrepreneur,10:00:00
20,3/27/2019 12:45:49,0 / 1,151340910,Male,5.11,110,3.62,2019-05-02 00:00:00,Dhaka,4,Rickshaw,kacchi,150,500,Home delivery,2000.0,playing cricket,Gold,0,mango/ polao/kichuri,Sweet,khilgoan,Friends,5000,cafe darbar,Option 1,Dhanmondi,Yes,Maybe,1.0,8,No,Yes,No,kichuri,environment,0,2,,,,Panthopath,1000,No,Maybe,RED,jeans&shirt,No,0,No,money,no,no,5000,12:01:00,08:00:00,03:30:00,Religion,No,Religious law,Negative,No,3,100,2,No,Medium,h,High,High,Class lectures,Goran,12.16007,7.87021,Kashmir,33.778175,76.576172,Kacchi,playing cricket,bcs,12:00:00
21,3/27/2019 12:46:18,0 / 1,151340911,Female,"5'4""",60,2.9,2019-05-02 00:00:00,Rangpur,3,Rickshaw,Pasta/Pizza,250,500,eating in a restaurant,1000.0,Watchinf Movies,Gold,2019-07-05 00:00:00,Juice/Rich food/Khichuri,Spicy,Dhanmondi/Khilgaon,Family,7k,Chile Kotha,Option 1,Dhanmondi,No,No,1.0,6,No,Yes,Yes,Khichuri,Food_quality,3,2,Gulshan,17:00:00,City Bank,Gulshan,3,Yes,Yes,RED,urban,No,,Yes,Self dependency,Yes,No,@k,08:00:00,10:00:00,06:00:00,Religion,No,Religious law,Negative,No,2019-05-04 00:00:00,300,1,Yes,Medium,M,Medium,Medium,Online tutorials,Tejgaon,23.759815,90.391319,Bandarban,21.4311,92.3686,Pasta,Watching Movies,Travelling,10:00:00
22,3/27/2019 12:45:16,0 / 1,151340912,Male,5.85,68,3.8,2019-05-02 00:00:00,Barisal,2,Car,Kachchi Biriyani,220,2000,eating in a restaurant,7700.0,Watching movies,Gold,0,Mango / Biriyani/ Khichuri,Sweet,Mohammadpur,Friends,10k,Nandos,Option 1,Dhanmondi,Yes,Maybe,1.0,8,No,Yes,No,Khichuri,environment,0,2,,,,Mohammadpur,,Yes,Maybe,RED,Jeans & Shirt,No,0,No,Money,No,No,0,11:00:00,08:00:00,15:30:00,Religion,Maybe,Country law,Negative,No,2,220,2,Maybe,High,h,High,High,Online tutorials,Mohammadpur,23.765844,90.35836,Saint Martin,20.623345,92.323007,Biriyani,listening music,S/w enginner,11:00:00
23,3/27/2019 12:43:37,0 / 1,151340913,Female,5'2'',50,3.4,Above 5 hour,Mymensingh,3,Rickshaw,Pasta,190,600,eating in a restaurant,1800.0,Reading book,Gold,0,"Mango,Soup,Khichuri",Spicy,Khilgaon,Friends,5000,Blue Sky Lounge,Option 1,Khilgaon,Yes,Yes,1.0,8,Maybe,Yes,Yes,Khichuri,environment,2,5,Rampura,5pm,Janata Bank,Basundhora RA,4,No,Yes,RED,trousers/jeans&shirt,Yes,no one,Yes,Parents,yes,no,no,09:00:00,10:00:00,15:00:00,Country,No,Religious law,positive,No,2,5,1,No,Medium,h,Medium,Medium,Online tutorials,Rampura,23.70731,90.41548,Bandarban,21.4311,92.3686,Pasta,Reading Books,Travelling,09:00:00
24,3/27/2019 12:44:49,0 / 1,151340914,Female,5'1'',53,3.45,Above 5 hour,Gopalgonj,5,Rickshaw,Pasta,250 taka,500,eating in a restaurant,3000.0,"watching movie,planting tree",Gold,nothing,Mango juice,Sweet,Mirpur,Alone,5000,Madchef,,Mirpur,Yes,Maybe,2.0,8,Yes,Yes,Yes,khichuri,environment,1,1,Mirpur,07:00:00,,Bashundhara city complex,random,Yes,Maybe,RED,urban,No,no,Yes,Parents,yes,no,8000,07:00:00,08:00:00,13:00:00,Country,No,Religious law,Negative,No,,,,Maybe,High,h,High,High,Class lectures,Mirpur,33.24981,74.26156,USA,37.09024,-95.712891, Biriyani,Reading Books,Teaching,07:00:00
25,3/27/2019 12:45:55,0 / 1,151340916,Male,5'6'',55,,2019-05-02 00:00:00,Chittagong,4,Car,fish,30,350,eating in a restaurant,0.0,playing cricket,Platinum,0,"icecream,khichuri,khichuri",Spicy,bonani,Friends,8000,pabulum,Option 1,Malibagh,No,Yes,1.0,10,No,Yes,Yes,khichuri,food_quality,0,4,no need,0,fsib,rampura,3,Yes,No,RED,shirt,No,0,No,my family,yes,no,0,10:00:00,08:00:00,03:00:00,Religion,No,Religious law,positive,Yes,0,5,1000,Yes,High,h,High,High,Class lectures,Rampura,23.70731,90.41548,Saint martin,20.62301751,92.32021205,Hilsa,Watching movies,Web developer,10:00:00
26,3/27/2019 12:42:04,0 / 1,151340917,Male,"5'7""",62,3.032,Below 1 hour,Jamalpur,5,Rickshaw,"beef curry,burger,biriyani,pasta",200-300,1000,eating in a restaurant,3000.0,travelling,Gold,almost zero,juice/cakes/khichuri,Spicy,AUST,Friends,7000-10000,Alfresco,Option 1,Khilgao,Yes,No,0.0,5,No,Yes,Yes,khichuri,environment,0,20,Maniknagar Bisshwa Road,7:00-8:00,One Bank,Panthopath,1,Yes,Yes,RED,jeans&shirt,No,1,No,Intersteller,Yes,"No,but sometimes exploring for curiosity is not a crime :v",6000,11:00:00,,03:30:00,Country,No,Religious law,positive,Maybe,0,2019-10-05 00:00:00,2019-06-05 00:00:00,Yes,Low,l,Low,Medium,Class lectures,Maniknagar,23.70731,90.41548,Ladakh,35.447601,76.274803,gorur mangsho,watch Movies,still in progress,08:00:00
27,3/27/2019 12:43:17,0 / 1,151340918,Female,"5'4""",68,3.01,2019-05-02 00:00:00,Comilla,2019-02-01 00:00:00,Rickshaw,Biriyani,250,700,eating in a restaurant,120.0,listening songs,Platinum,2019-02-01 00:00:00,Biriyani,Spicy,Dhanmondi,Family,7000,Chillis,Option 1,Dhanmodi,Yes,No,1.0,10,No,Yes,Yes,Khichuri,enviroment,0,6,Farmgate,8.00am,Dutch Bangla Bank,Dhanmondi,5,No,No,RED,no,Maybe,2,No,My parents happiness,Yes,No.Because its just show off thing and cant work in long run,0,,,,Religion,No,Religious law,positive,,20,20,0,Maybe,Low,h,Medium,Medium,Online tutorials,India,24.15966117,90.64846158,Comilla,23.450012,91.199997,Biriyani,watching tv shows,BCS,09:00:00
28,3/27/2019 12:40:43,0 / 1,151340919,Male,5 ft 3 inches,61,3.26,Below 1 hour,Gaibandha,2,Car,"Pizza, Birani",Around 300-400tk,Around 1500tk,eating in a restaurant,2000.0,Playing games,Silver,1,Cold Coffee/Kacchi Birani/Khichuri,Spicy,Uttara,Friends,Around 20000tk,Manhattan Fish Market,Option 1,Banani,Yes,Yes,2.0,8,No,Yes,Yes,Khichuri,food_quality,3,8,uttara,9 a.m,One Bank,Panthopoth,1,Yes,Maybe,RED,trousers/jeans&shirt,Yes,None,No,Being satisfied,maybe,yes. For personal satisfaction,7000,11:00:00,10:30:00,03:30:00,Religion,Maybe,Religious law,positive,No,3-4 times,around 200,1-2 hours,Maybe,Medium,h,High,High,Class lectures,Uttara,23.873751,90.396454,Kashmir,34.083656,74.797371,Kacchi,"tv series, online gaming",Higher Study,11:00:00
29,3/27/2019 12:44:14,0 / 1,151340920,Male,"5'5""",82,2.7,2019-05-02 00:00:00,Tangail,2,Rickshaw,Kacchi,160,640,Home delivery,2000.0,Graphics Design,Gold,0,Mango/Vapa Pitha/Khichuri,Spicy,Khilgaon,Friends,5000,Grind House,Option 1,Khilgaon,Yes,Yes,2.0,5,No,Yes,No,Khichuri,Less Crowded,1,7,khilgaon,08:00:00,Dutch Bangla Bank,Daraz,1,No,Maybe,RED,jeans&shirt,Maybe,0,Maybe,Elon Musk,yes,No,10000,09:00:00,10:30:00,03:30:00,Religion,Yes,Religious law,positive,No,2,100,60 minute,Maybe,Medium,h,Medium,High,Online tutorials,Khilgaon,23.743617,90.426681,lecco,45.852982,9.39007,Kacchi,Graphics Design,Ai Architecture,11:00:00
30,3/27/2019 13:15:18,0 / 1,151340921,Male,5'6'',63,3.0,2019-05-02 00:00:00,Chittagong,3,Rickshaw,Biriyani,150,1000,Home delivery,300.0,Watching movies,Silver,0.02,"Khichuri, Beef",Spicy,Sea beach,Friends,6000,"Errante, Chittagong",,"2 no. gate, Chittagong",No,No,0.0,8,No,Yes,No,"Khichuri, beef",Home made,4,5,Rampura,10:00:00,MTB,Newmarket,1,No,No,RED,Jeans & shirtt,No,0,No,No goat setup till now,Yes,No. I dont like show off.,0,09:30:00,10:30:00,10:30:00,Country,No,Country law,Negative,No,0,1000,3,No,Low,m,Medium,High,Class lectures,Tejgaon,23.70731,90.41548,saint martin,49.435532,-2.56735,Alu Vorta,playing game,Higher Studies,10.00.00 AM
31,3/27/2019 13:05:39,0 / 1,151340923,Male,"5'5""",67,3.68,2019-05-02 00:00:00,Dhaka,5,Car,Pasta,220,1100,eating in a restaurant,2000.0,Singing,Platinum,1,Burger,Spicy,Bailey Road,Family,5000,Cafe Appeliano,Option 1,Khilgaon,Yes,Yes,1.0,6,Yes,Yes,No,Khichuri,food_quality,1,10,Mouchak,10.30am,Eastern Bank Ltd.,Basundhara City Shopping Mall,1,No,Yes,RED,jeans&shirt,No,0,No,Parents,Yes,No. I don't like show-off things,15000,09:30:00,10:30:00,15:30:00,Country,Maybe,Country law,Negative,No,1,50,1,Yes,High,h,High,High,Class lectures,Siddheshwari,23.744602,90.411456,Cox's Bazar,21.426979,91.971179,Pasta,Watching Movies & TV-Series,Higher Studies,09:30:00
32,3/27/2019 12:52:17,0 / 1,151340925,Male,5.4,60,3.83,Below 1 hour,Barisal,3,Bus,Burger,250,1000,eating in a restaurant,2000.0,Web Browsing,Gold,2,Burger,Spicy,Dhanmondi,Friends,5000,Chillox,Option 1,Dhanmondi,Yes,Yes,14.0,8,Yes,Yes,No,Khichuri,food_quality,0,4,Maniknagar,09:00:00,NCC Bank,Karwan Bazar,2,Yes,Yes,RED,jeans&shirt,No,0,No,Study in a Foreign University,Yes,No,20000,07:00:00,10:30:00,03:30:00,Country,No,Country law,Negative,No,6,50,6,Yes,High,h,High,High,Online tutorials,Maniknagar,23.7213894,90.4299279,My Room,23.7213894,90.4299279,Cashew nut,Traversing Foreign Universities,PhD,06:30:00
33,3/27/2019 13:04:01,0 / 1,151340926,Male,5 feet 4 inches,60,3.21,2019-05-02 00:00:00,Dhaka,2,Car,Burger,200,1200,eating in a restaurant,3300.0,Photography,Gold,2,summer,Spicy,Khilgaon,Friends,8000,Chillox,Option 1,Dhanmondi,Yes,Yes,1.0,8,Maybe,Yes,No,khichuri,fresh,2,8,Kamlapur,22:00:00,Al-Arafah Islami bank,Maniknagar,5,Yes,Yes,RED,jeans & shirt,Yes,2,Yes,depend on Interest of mine,Yes,No,12000,10:00:00,10:30:00,03:30:00,Religion,No,Religious law,positive,No,2,300,1,Yes,Medium,high,Medium,Medium,Online tutorials,Maniknagar,23.722595,90.429585,Sylhet,24.8949,91.8687,Cashew nut,Photography,Software Developer,09:00:00
34,3/27/2019 12:55:46,0 / 1,151340927,Female,5'3'',45,3.46,Above 5 hour,Feni,4,Rickshaw,pizza,500,1000,Home delivery,6000.0,Desig,Platinum,2,Khichuri,Spicy,Mirpur,Friends,5000,pizza inn,Option 1,,Yes,Yes,2.0,5,Maybe,Yes,Yes,Khichuri,Good,2,3,kalshi mor,07:00:00,Dutch Bangla Bank,Banani,4,Maybe,Yes,RED,urban,Maybe,0,Yes,My mother,yes,"No, i do shopping for myself",10000,06:30:00,08:00:00,15:30:00,Religion,No,Religious law,Negative,Yes,1,420,0.5,Maybe,Medium,h,High,Medium,Online tutorials,Mirpur-12,23.70731,90.41548,Khulna,22.84193,89.55806,Spicy food,Movie,Teacher,08:00:00
35,3/27/2019 12:53:38,0 / 1,151340928,Male,6 feet 1 inch,65,3.64,2019-05-02 00:00:00,Kushtia,3,Car,"Kacchi,Burger",250,500,eating in a restaurant,600.0,Playing video games,Gold,0-1,Coffee,Spicy,Mirpur,Friends,5000,Xinxian,Option 1,Mirpur,Yes,Yes,0.0,8,No,Yes,No,Khichuri,Good,1,3,Mirpur-10,07:00:00,One Bank,Bashundhara City Shopping Complex,1,Yes,No,RED,jeans&shirt,Maybe,None,No,Still not decided,Maybe,No,None,10:00:00,10:30:00,15:30:00,Country,Maybe,Country law,positive,No,3,30,1,Maybe,Low,h,Medium,Medium,Class lectures,Mirpur,23.807085049999,90.3686128112537,Shylet,24.8258310594943,91.7174938274547,Biriyani,Gaming,Software Developer,09:30:00
36,3/27/2019 13:00:22,0 / 1,151340930,Male,6 feet 1 inch,95,3.31,2019-05-02 00:00:00,"Arambagh,Dhaka",5,Car,"Nun-Grill,Chicken Fry",50,1500,Home delivery,0.0,Twitch Live Streaming,Platinum,10 days,Fruit Salad,Sweet,long driving,Family,5000,Unimart Food Shop,Option 1,Gulshan,Yes,Yes,2.0,5,No,Yes,No,Khichuri-Mangsho,environment,6,1,shapla chottor,9-00 am,Janata Bank,Jamuna Future Park,1,Yes,No,RED,jeans&shirt,No,No one,Yes,My parents. I want to see them as happy as possible,yes I will,No.Show off and pride both are not acceptable,12000,06:00:00,10:30:00,03:30:00,Religion,Yes,Religious law,positive,Yes,1,200,2,No,High,h,High,High,Online tutorials,Motijheel,23.70731,90.415482,Sajek Valley,22.343038,91.84274,Porota Dalbhaji,Twitch live Streaming,Software Developer,06:00:00
37,3/27/2019 13:04:00,0 / 1,151340931,Male,5′ 10″,60,3.5,Below 1 hour,Comilla,2019-02-01 00:00:00,Car,Chinese,300,1000,eating in a restaurant,2500.0,Watching youtube,Silver,0.5,"fruits,vegetables,khichuri",Spicy,Dhanmondi,Friends,3000,Xinxian,Option 1,Dhanmondi,Yes,No,0.5,8,No,Yes,No,Khichuri,food_quality,0,2,Zigatola,8:00AM,dutch bangla bank,New Market,0,No,No,Yellow,jeans&shirt,Yes,0,No,Passion,Yes,No.,0,08:00:00,10:30:00,03:30:00,Religion,No,Country law,Negative,No,3,20,0,No,Low,h,Medium,Medium,Online tutorials,Hazaribagh,23.727835,90.374046,Sylhet,24.894802,91.869034,Biriyani,Watching youtube,Software Developer,09:00:00
38,3/27/2019 13:05:09,0 / 1,151340932,Male,5'8'',55,3.4,2019-05-02 00:00:00,Gopalgonj,3,Rickshaw,Grill-Nun,120,360,eating in a restaurant,200.0,Watching Movie,Silver,0,Birani/Vegetable/Khichuri,Spicy,University,Friends,5000,Takeout,,Dhanmondi,Yes,Yes,1.0,8,No,Yes,Yes,Khichuri,Food Quality,0,2,Tibbot,9,Dutch Bangla,New Market,1,Yes,Yes,RED,linen shirt and trousers,Yes,0,No,Income Money,Yes,No,0,10:00:00,10:30:00,15:30:00,Country,No,Religious law,positive,No,3,500,2,No,Low,h,Medium,High,Online tutorials,Tejgaon,23.7636971,90.3706906,Gopalganj,23.0894363,89.6212662,Grill & Nun,Watching Movie,Full Stack Developer,09:00:00
39,3/27/2019 13:05:28,0 / 1,151340933,Male,"5'10""",63,3.416,2019-05-02 00:00:00,Rangpur,2,Cycle,"Kacchi , Kalavuna",150,450,eating in a restaurant,500.0,Gaming,Silver,0,"in Summer kacchi, In winter Pitha, in rainy season Khichuri",Spicy,university,Friends,5000-10000,Al kaderia,Option 1,"Rampura, Dhaka",No,Yes,1.0,6,Maybe,Yes,No,Khichuri,food_quality,1,3,hatirjheel,10.00am,DBBL,Basundhara City,1,Yes,Maybe,RED,jeans&shirt,No,0,No,become self independent,Yes,No,0,09:00:00,10:30:00,03:30:00,Country,No,Country law,Negative,Yes,3,500,2,Maybe,High,h,Medium,High,Class lectures,Rampura,23.70731,90.41548,Sajek Valley,22.33037,91.83263,Beef,Watching anime,Database Analyst,10:00:00
40,3/27/2019 13:01:47,0 / 1,151340934,Male,5.5,72,3.15,Above 5 hour,Jessore,5,Cycle,Briyani,180,500,eating in a restaurant,0.0,"playing cricket, online games",Platinum,0,Khicuri in rainy season,Sweet,Basundhara R/A,Friends,10000,Sultan Dines,Option 1,Gulsan 2,No,No,1.0,8,No,Yes,No,Kichuri,environment,0,3,Malibag,6.00 am,Dacth Bangla Bank,Basundhara,1,Yes,Yes,RED,jeans&shirt,No,0,No,getting financial stability,Yes,no,5000,07:00:00,08:00:00,15:30:00,Religion,No,Religious law,positive,No,0,100,2,No,High,High,Medium,Medium,Class lectures,Rampura,23.70731,90.41548,Bandarban,21.8311,92.368629,Biriyani,Playing online game,Network Specialist,10:00:00
41,3/27/2019 13:06:21,0 / 1,151340935,Male,172.72 cm,58,3.15,2019-05-02 00:00:00,Khulna,5,Cycle,Biriyani,200,600,eating in a restaurant,600.0,"Reading books, hanging out with friends",Silver,0,khichuri,Spicy,University,Family,6000,Sultan's Dine,Option 1,Jigatola,Yes,Yes,1.0,8,Yes,Yes,Yes,khichuri,both,0,2019-03-02 00:00:00,police plaza,According to University class time,don't have an account,depends on the product,0,Maybe,No,Yellow,jeans&shirt,No,0,Yes,To lead a happier life,yes,"no, beacuse sometimes suffer in inferiority complex",0,09:00:00,10:30:00,03:30:00,Religion,Maybe,Religious law,Negative,Yes,2,2019-06-05 00:00:00,1,No,Medium,h,High,High,Class lectures,Gulshan 1,23.7786,90.4156,Khulna,22.8092,89.5697,Any well cooked food,Nothing fixed,Software Developer,09:00:00
42,3/27/2019 13:11:24,0 / 1,151340937,Female,"5'6""",56,3.39,2019-05-02 00:00:00,Dhaka,2019-02-01 00:00:00,Rickshaw,Kacchi,150,500,eating in a restaurant,4000.0,"Reading, Traveling",Gold,1,Faluda/Kacchi/Khichuri,Spicy,University,Family,5000,Sultan's Dines,,Dhanmondi,Yes,Maybe,2.0,8,No,Yes,Yes,Khichuri,food_quality,1,2,Answar Camp,07:00:00,Sonali Bank Limited,Mirpur,3,Yes,Maybe,RED,urban shirt and jeans,No,none,No,Money,Yes,No,0,10:00:00,08:00:00,06:00:00,Religion,No,Religious law,Negative,Yes,2,300,1,No,Medium,h,High,High,Class lectures,Mirpur-1,23.7956,90.3537,Sajek Valley,23.4056,92.2793,Spicy Food,Watching Movies & Series,Software Developer,11:00:00
43,3/27/2019 13:10:22,0 / 1,151340939,Female,5'3'',47,3.57,2019-05-02 00:00:00,Comilla,3,Rickshaw,Burger,60,180,eating in a restaurant,800.0,Spenting time alone,Silver,2,Burger,Sweet,Hatirjheel,Friends,5000,Mr. Burger,Option 1,Khilgaon,Yes,Maybe,2.0,8,Maybe,No,Yes,Khichuri,food_quality,1,2,Abul Hotel,00:00:00,DBBL,Bashundhara City,0,Maybe,No,RED,urban,Maybe,0,Yes,Parents,Yes,No,3000,09:30:00,10:30:00,01:00:00,Religion,No,Religious law,Negative,Yes,2,100,5,No,High,m,Medium,High,Online tutorials,Malibagh,23.758353,90.416229,Sylhet,24.89493,91.868706,Burger,Facebooking,Web Developer,11:00:00
44,3/27/2019 13:00:04,0 / 1,151340941,Female,"5'3""",75,2.85,2019-05-02 00:00:00,Gazipur,3,Rickshaw,Fried Rice,300,1000,eating in a restaurant,6000.0,Cooking,Platinum,1,winter,Spicy,haterjheel,Friends,4000,Dinning Lounge,Option 1,Khilgoan,No,Maybe,0.0,10,Yes,Yes,Yes,Khichuri,environment,1,5,Mohakhali,9,Sonali Bank,Newmarket,2,Yes,Yes,Yellow,urban,Yes,0,No,To be selfdependent,no,yes. As I love shopping,0,07:00:00,10:00:00,03:30:00,Religion,No,Religious law,Negative,No,2,120,2,No,High,m,High,High,Class lectures,Niketon,23.797911,90.414391,Gazipur,24.0958,90.4125,Spicy food,Cooking,Not decided yet,10.00 AM
45,3/27/2019 13:04:13,0 / 1,151340942,Female,5 feet 4 inches,54,3.5,Below 1 hour,Rajshahi,3,Car,Italian,300,100,Home delivery,15000.0,spending time with pet pigeons,Silver,about once,Momo,Spicy,Caffes,Family,5000,Coffeelicious,Option 1,Bailey Road,Yes,Maybe,1.0,6,Yes,Yes,Maybe,fries,"air-conditioned, private",1,0,Shantinagar,11:30:00,Shithi Maitra,Newmarket,0,No,No,RED,"shirt, trousers",No,1,No,Getting financial independence,yes,"No, absolutely the most ridiculous thing to do.",0,06:30:00,13:00:00,03:30:00,Country,No,Country law,Negative,No,3,very few,0,Yes,Medium,h,High,Medium,Online tutorials,Shantinagar,23.7382,90.4143,Sylhet,24.8949,91.8687,Italian,spending time with  pet pigeons,Data Scientist,06:30:00
46,3/27/2019 13:06:33,0 / 1,151340943,Male,170.18 CM,65,3.01,2019-05-02 00:00:00,Brahmanbaria,3,Car,Pizza,600,2000,eating in a restaurant,2000.0,Watching football,Gold,0,Winter,Spicy,Dhaka,Friends,6000,Alfresco,Option 1,Dhanmondi,No,No,1.0,6,Yes,Yes,No,Spicy foods,food quality,0,3,Mohalkhali,08:00:00,Sakib Eshrak,New Market,1,Yes,Yes,Yellow,jeans&shirt,Yes,4,No,To be wealthy,Yes,No. doesn't matter to me,0,10:00:00,10:30:00,15:30:00,Religion,No,Religious law,Negative,No,2,1000,1,Maybe,Low,m,Medium,High,Online tutorials,Mohakhali,23.780232,90.401148,Saint Martins,20.631618,92.320892,Fast food,Watching Football and TV Series,Database Analyst,09:00:00
47,3/27/2019 13:04:07,0 / 1,151340944,Male,5' 9'',62,3.64,Below 1 hour,Barisal,3,Rickshaw,Kacchi,160,320,eating in a restaurant,2000.0,Playing games,Platinum,1,Kacchi,Spicy,Green Road,Friends,5000,Cafe darber,Option 1,Dhanmondi,Yes,Yes,2.0,6,Yes,Yes,Yes,Khichuri,food quality,1,3,Kawran Bazar,07:30:00,Islamic Bank,New Market,1,Yes,Yes,RED,jeans & shirt,No,0,Yes,Being one of the best,No,No. Because it is just show off.,5000,05:00:00,08:00:00,15:30:00,Religion,No,Religious law,positive,No,1,166,2,Yes,High,h,Medium,High,Online tutorials,Kathalbagan,23.746188,90.38987,Saint Martins,20.631618,92.320892,Beef curry with curds,"Gaming, watching football, cricket matches",Full Stack Developer,10:00:00
48,3/27/2019 13:03:15,0 / 1,151340945,Male,5 ft 7 inch,75,3.43,Below 1 hour,Comilla,2019-02-01 00:00:00,Car,Burger,180,500,eating in a restaurant,2640.0,Playing Cricket,Platinum,0.5,Khichuri,Spicy,Dhanmondi,Family,8000,Chillox,Option 1,Dhanmondi,Yes,Maybe,1.5,8,Yes,Yes,No,Khichuri,Food_Quality,1,2,Farmgate,08:00:00,Dutch Bangla,Banani,1,Yes,Yes,Yellow,Jeans & Shirt,No,0,Maybe,3 Idoits,Yes,no.,5000,07:00:00,08:00:00,03:30:00,Religion,No,Religious law,Negative,Maybe,1,0,6,Maybe,Medium,h,High,High,Class lectures,Panthapath,23.751791,90.385936,Saint Martins,20.631618,92.320892,Biriyani,"Watching Cricket,Movies",Software Developer,10:00:00
49,3/27/2019 13:01:41,0 / 1,151340946,Female,5'1,50,3.1,Below 1 hour,Comilla,2019-02-01 00:00:00,Car,Shawrma,Tk 100,2000,,5000.0,Travelling,Gold,0,Fruits,Sweet,Mirpur DOHS,Family,Tk 10000,Westin,Option 1,Gulshan-2,Yes,Yes,1.0,6,Yes,No,Yes,Fruits,Gulshan,0,0,home,10:00:00,Islami Bank,Bashundhara,0,No,No,Yellow,urban,No,0,No,To see my parents happy,yes,no,nothing,04:30:00,08:00:00,15:30:00,Religion,No,Religious law,Negative,Yes,3,50,0,Yes,High,h,High,Medium,Online tutorials,Mirpur-10,23.80708505,90.36861281,Cox's Bazar,39.059479,-80.873016,Luchi Dalvaji,spending timme with family members,Software Developer,05:00:00
50,3/27/2019 13:07:08,0 / 1,151340947,Female,5'2'',65,3.24,2019-05-02 00:00:00,Comilla,2019-02-01 00:00:00,Rickshaw,coffee,200/250,1000,eating in a restaurant,4500.0,collecting erasers,Gold,sometimes,khichuri,Spicy,banani / gulshan,Friends,5000,north end coffee roasters,Option 1,gulshan,Yes,Yes,0.4,6,No,Yes,Yes,star kabab,both,4,2019-04-03 00:00:00,kochukhet,7.00 am,,science lab,5,No,Yes,RED,urban,Maybe,3,Yes,want my own money,yes,may be. because sometime its need badly,4000,06:00:00,08:00:00,03:30:00,Religion,No,Religious law,Negative,Maybe,2019-04-03 00:00:00,around 350,1,Maybe,Medium,h,Low,High,Online tutorials,Dhaka Cantonment,26.78293,82.1501,Cox's Bazar,39.059479,-80.873016,Chicken ,Watching TV,Software Developer,10:30:00
51,3/25/2019 14:37:48,0 / 1,151340976,Male,5'10'',72,3.03,2019-05-02 00:00:00,Gazipur,4,Rickshaw,Biriyani,150,1300,eating in a restaurant,1500.0,Traveling,Gold,often,Fruits and khichuri,Spicy,"Khilgaon,Dhanmondi",Friends,5000,Mukta Biriyani,Option 1,Khilgaon,Yes,Maybe,2.0,8,Yes,Yes,No,khichuri and beef,food_quality,1,10,none,none,none,Palton,2,Yes,Maybe,RED,urban and shirt,Maybe,none,Yes,to be a good and honest person with good wealth,No,No,20000,09:00:00,10:30:00,15:30:00,Religion,No,Religious law,Negative,No,often,500,1.5,No,Medium,m,Medium,High,Class lectures,Goran,23.75027,90.43413,Cox's Bazar,21.41127,91.995891,Biriyani,Movies,Software Engineer,LR
52,3/25/2019 14:32:03,0 / 1,151340977,Male,"5'6""",62,2.75,2019-05-02 00:00:00,Comilla,3,Rickshaw,"Kachchi,jorda",150-200,1500-2000,Home delivery,6000.0,Sports,Gold,1,,Spicy,Home/Cousin'sRoof,Friends,8000,Star,,Dhanmondi,Yes,Yes,2.0,8,Maybe,Yes,No,Khichuri,environment,3,5,Rampura Bridge,10pm,First Security Islami Bank limited,"mouchak,khilgaon",2,Yes,Yes,RED,trousers,No,1,No,Happiness,May be,,5000,08:50:00,,,Country,No,Religious law,positive,Maybe,2019-02-01 00:00:00,2019-05-03 00:00:00,1-2 hours,Yes,Medium,m,Medium,High,Online tutorials,Banasree,22.513531,88.301537,Sea Beach,,,Kachchi,Sports,BCS/Business,LR
53,3/25/2019 14:38:48,0 / 1,151340980,Male,"5.8""",74,2.7,Below 1 hour,Laxmipur,4,Rickshaw,burger,200,500,eating in a restaurant,1500.0,,Silver,zero,eating rice in any time,Spicy,home,Alone,5000,takeout,Option 1,dhanmondi,No,No,1.0,8,No,Yes,No,khichuri,environment,0,20,"nabisco ,tejgaon,dhaka",4pm,NCC,panthapath,3 times,Yes,No,Yellow,jeans and t-shirt,Yes,none,No,Achieve something to remember,no,No i dont think so.i think social status should defined by human quality not only outlook,5000,08:00:00,,15:30:00,Religion,Yes,Country law,Negative,No,5 years ago last visitted,more than 100,1 hour,No,Medium,m,Medium,Medium,Online tutorials,Niketon,23.70731,90.41548,home,23.70731,90.41548,any,"movies,music",software Engineer,LR
54,3/25/2019 14:35:25,0 / 1,151340981,Male,5 feet 11.5 inches,96,2.5,Below 1 hour,dhaka,2,Cycle,chicken fry,40-70 taka,300 taka,eating in a restaurant,0.0,playing guitar,Gold,very very rare,many kinds of curry,Spicy,Asa university,Alone,3k-5k,takeout,Option 1,"many outlets in dhaka,i go to dhanmondi",Yes,No,0.0,6,Maybe,Yes,Yes,hot tea,food_quality,0,2019-02-01 00:00:00,i don't use bus,,brac bank,dhanmondi,once or twice,No,Maybe,RED,jeans and tshirt,No,none,Yes,becoming self sufficient,yes,"no,not important.because social status showoff is not necessary",around 5k,,,,Country,Yes,Country law,positive,No,very rare,no one apart from friends,"0,rarely 1 hour",Yes,Low,medium,Medium,Low,Online tutorials,Shaymoli,22.301411,70.822357,home,22.301411,70.822357,sea food,music,businessman,LR
55,3/25/2019 14:47:04,0 / 1,151340982,Female,5'4'',60,3.48,2019-05-02 00:00:00,Dhaka,2019-02-01 00:00:00,Rickshaw,Burger,1000,200,eating in a restaurant,3000.0,Watch movies,Silver,1,cold drink/coffee/pickels,Sweet,AUST,Family,5000-10000,chillox,Option 1,Dhanmondi,Yes,No,2.0,8,No,Yes,Yes,Pickels,food_quality,0,2,bakshibazar,07:00:00,sonali bank,new market,5,Yes,Yes,RED,urban,No,0,Yes,to be independent,yes,no,0,06:00:00,08:00:00,18:00:00,Religion,No,Religious law,Negative,No,2,10,0,Maybe,Medium,h,High,Medium,Online tutorials,Bangshal,-32.34861,151.924576,Cox's Bazar,21.41127,91.995891,Burger,Series,Entrepreneur,LR
56,3/25/2019 14:32:06,0 / 1,151340983,Male,5'6'',48,2.987,2019-05-02 00:00:00,,2,Cycle,Kacchi,180,2000,eating in a restaurant,4000.0,sleeping,Silver,once,"cold coffee, khichuri",Spicy,rooftop,Friends,7000,pabulum,Option 1,shantinagor,Yes,Yes,0.3,10,Yes,Yes,Yes,khichudi,food_quality,5,3,dholaipur,08:30:00,AB Bank Ltd,New Market,2,Yes,Yes,Yellow,jeans&shirt,Yes,none,Yes,Money,yes,no,3000,07:00:00,10:30:00,16:20:00,Religion,No,Religious law,Negative,No,1,3,1,No,Low,m,Medium,High,Online tutorials,Dania,23.701443,90.442194,Bandorban,21.4796,92.5594,Biriyani,movies,Network Engineer,LR
57,3/25/2019 14:44:39,0 / 1,151340984,Male,5'6'',75,3.5,Below 1 hour,Bikrampur,5,Rickshaw,Kacchi,200-280,2000,eating in a restaurant,6000.0,Clubbing,Silver,5,Kacchi/Grill/Khichuri,Spicy,"Azimpur, Khilgaon, Dhanmondi",Friends,0,Cafe Darbar,Option 1,Dhanmondi,Yes,Yes,1.0,5,Yes,No,No,Khichuri,food_quality,0,20,"Dholaipar, Rampura",09:00:00,Nan,Elephant Road,1,Yes,Maybe,RED,jeans&shirt,Maybe,0,Maybe,"Respect, fame, Do something for the society, Improve myself",no,no,,09:30:00,10:00:00,18:00:00,Religion,No,Country law,Negative,Maybe,4,50,6,Maybe,Medium,m,Medium,High,Online tutorials,Jurain,23.697285,90.431817,Home,23.697285,90.431817,Biriyani,,CEO,LR
58,3/25/2019 14:36:36,0 / 1,151340985,Male,6'1'',85,3.2,Below 1 hour,Dhaka,3,Rickshaw,anything that tastes good,400,2000,Home delivery,4000.0,Gaming,Silver,low,anything that tastes good,Spicy,home,Friends,6000,sultans dine,Option 1,dhanmondi,Yes,Maybe,2.0,5,No,Yes,Maybe,khichuri,food_quality,10,10,ajimpur,6am,bangladesh bank,elephant road,low,Maybe,No,Yellow,jeans&shirt,Maybe,2,Maybe,to be independent and free,maybe,no. all that glitters is not gold,0,10:00:00,10:30:00,03:30:00,Religion,No,Religious law,Negative,Maybe,once or twice a year,3,4,Yes,Low,l,Low,High,Online tutorials,Lalbag,23.70731,90.41548,Home,23.70731,90.41548,Any,All,Higher Studies,LR
59,3/25/2019 14:37:58,0 / 1,151340986,Male,5'8'',77,3.05,2019-05-02 00:00:00,Dhaka,3,Rickshaw,Biriyani,150,300,eating in a restaurant,480.0,"Reading,Writing,Gaming",Gold,0,"Mango,Biriyani,Biriyani",Spicy,Home,Friends,0,Amzad mamar chayer dokan,Option 1,Aust,Yes,No,0.0,6,No,Yes,Yes,Biriyani,food_quality,0,2,Rampura,10,,Dhaka College Area,0,Yes,Maybe,RED,jeans&shirt,No,0,Yes,Money,Yes,No.I am antisocial.,0,09:00:00,10:30:00,15:30:00,Country,No,Country law,Negative,No,2,100,1 hour,No,Low,m,Low,High,Online tutorials,Rampura,23.761227,90.420769,Home,23.761227,90.420769,Biriyani,Movies,Software Engineer,LR
60,3/25/2019 14:36:00,0 / 1,151340988,Female,5'3',54,3.53,2019-05-02 00:00:00,tangail,2019-02-01 00:00:00,Rickshaw,burger,350,1000,Home delivery,2000.0,"movies, music, travel",Gold,2,burger,Spicy,basundhara,Friends,7000,burgerlab,Option 1,basundhara,Yes,No,1.0,6,No,Yes,Maybe,khichuri,environment,4,6,rampura,8.3,dbbl,basundhara,2,Yes,No,Yellow,jeans and shirt,No,0,Maybe,to earn a lot to travel around,maybe,no,7000,10:00:00,08:00:00,03:30:00,Country,No,Country law,Negative,No,3,100,0,No,Low,l,Low,High,Online tutorials,Rampura,23.761227,90.420769,Bandorban,21.4796,92.5594,Chicken,"movies, music",Software Engineer,LR
61,3/25/2019 14:39:13,0 / 1,151340990,Female,5'2'',55,3.059,2019-05-02 00:00:00,Comilla,2019-02-01 00:00:00,Rickshaw,burger,150,300,eating in a restaurant,5000.0,movie,Gold,2,khichuri,Sweet,jatrabari,Family,5k,appeliano,Option 1,khilgao,Yes,Maybe,1.0,6,No,Yes,Yes,khichuri,food_quality,1,5,Dholaipar,9,Al Arafa Islami Bank,panthapath,2,Maybe,Maybe,RED,urban,No,2,No,money,no,no,0,08:00:00,10:30:00,03:30:00,Religion,No,Religious law,Negative,No,3,10,1,No,Low,m,Medium,Medium,Online tutorials,Dania,23.701443,90.442194,Cox's Bazar,21.41127,91.995891,khichuri,movies,job,LR
62,3/25/2019 14:46:13,0 / 1,151340991,Female,5'6'',67,3.45,2019-05-02 00:00:00,Jessore,5,Rickshaw,Burger,250,1000,eating in a restaurant,2500.0,reading book,Platinum,0,fruits/soup/khichuri,Spicy,University,Friends,6000,Chillox,Option 1,Dhanmondi,Yes,Yes,1.0,6,No,Yes,Yes,Khichuri,food_quality,3,6,College Gate,8am,National Bank,Dhanmondi,5,Yes,Yes,RED,jeans&shirt,No,0,Yes,A successful life,yes,Not always. Because sometimes they are expensive,7000,07:00:00,08:00:00,15:30:00,Religion,Yes,Religious law,positive,Yes,0,150,2 hour,Maybe,High,h,Medium,High,Class lectures,Mohammadpur,23.7658,90.3584,Sea Beach,,,Fast Food,Sci Fi Movie,Higher Studies,LR
63,3/25/2019 14:47:23,0 / 1,151340992,Female,"5'5""",56,3.22,2019-05-02 00:00:00,Lakshmipur,2019-02-01 00:00:00,Car,french fries,100,800,Home delivery,3000.0,playing games,Platinum,2,"juice/coffee/khichuri,pickles",Spicy,university,Family,10000,chillox,,dhanmondi,Yes,Yes,1.0,8,No,Yes,Yes,"khichuri,pickles",both,8,2,jigatola,07:00:00,basic bank,dhanmondi,5,Yes,Yes,RED,urban,No,0,Yes,to be independent,yes,no,7000,06:30:00,08:00:00,18:00:00,Religion,No,Religious law,Negative,No,5,100,0,Maybe,Medium,h,High,High,Online tutorials,Jigatola,23.737286,90.37161,Cox’s Bazar,21.41127,91.995891,Cheesy fries,Movies,BCS,LR
64,3/25/2019 14:36:24,0 / 1,151340994,Male,"5'10""",75,3.1,Above 5 hour,Kushtia,3,Cycle,Biriyani,200,400,eating in a restaurant,0.0,Digital Art,Gold,1,Khichuri,Sweet,Shyamoli,Friends,6000,Chef's Cuisine,Option 1,Shyamoli,Yes,Yes,2.0,8,Maybe,Yes,No,Khichuri,food_quality,3,3,Shyamoli,10:00:00,,Dhaka College,1,No,Maybe,RED,urban trousers,Maybe,0,Yes,Pure joy of Making games and having others play,yes,no,10000,09:00:00,10:30:00,15:30:00,Religion,Yes,Religious law,positive,No,2,50,1,No,Medium,h,Medium,High,Online tutorials,Shamoli,23.70731,90.41548,Tejgaon,23.733103,90.368848,Biriyani,Movies,Game Development,LR
65,3/25/2019 14:39:55,0 / 1,151340995,Male,5'6'',69,3.28,2019-05-02 00:00:00,Luxmipur,2,Rickshaw,Kacchi,200,400,eating in a restaurant,3000.0,Travelling,Silver,1,,Sweet,Dhanmondi,Friends,5000,Sultan's dine,Option 1,Dhanmondi,Yes,Yes,2.0,8,Yes,Yes,Yes,Biriyani,Environment,0,2,,,,Elephant Road,0,No,No,Yellow,jeans&shirt,No,0,No,Happiness,may be,,,10:00:00,07:00:00,03:30:00,Religion,No,Religious law,positive,No,2019-04-03 00:00:00,20-25,1,No,Medium,h,Medium,Medium,Class lectures,Green Corner,23.745173,90.386421,Home,23.745173,90.386421,Biriyani,Movies,BCS,LR
66,3/25/2019 14:37:31,0 / 1,151340996,Male,5'3'',62,2.9,Above 5 hour,Chandpur,2,Bus,Biriyani,220,880,eating in a restaurant,400.0,Travelling,Gold,1,Biriyani,Sweet,Gulshan,Friends,12000,Sultan's Dine,Option 1,Dhanmondi,Yes,Maybe,1.0,5,No,Yes,Yes,Biriyani,food_quality,0,4,Policefari,10:30:00,Dutch Bangla Bank,Panthapoth,1,Yes,No,Yellow,jeans&shirt,No,1,No,Gaining Money,Yes,No,25000,11:00:00,10:30:00,03:30:00,Religion,No,Religious law,Negative,No,1,10,1,No,Medium,h,Medium,Medium,Class lectures,Shahjahanpur,27.883743,79.912247,Cox's Bazar,21.41127,91.995891,Biriyani,Movies,Web Development,LR
67,3/25/2019 14:24:15,0 / 1,151340998,Male,5 feet 8 inch,74,3.25,2019-05-02 00:00:00,Dhaka,2019-02-01 00:00:00,Rickshaw,Biriyani,150,300,eating in a restaurant,1000.0,watching tv series,Silver,no,kacchi,Sweet,home,Friends,2000,aust canteen,Option 1,dhaka,Yes,Maybe,1.0,8,No,No,No,khichuri,food_quality,0,1,khilgaon,8,one bank,shantinagar,1,Yes,Maybe,RED,jeans&shirt,Maybe,none,No,to become rich,maybe,no,6k,07:30:00,08:40:00,16:20:00,Country,No,Religious law,Negative,No,1,2020-10-01 00:00:00,1,Maybe,Medium,h,High,Low,Class lectures,Khilgaon,23.70731,90.41548,Home,23.70731,90.41548,Biriyani,Tv series,Higher Studies,LR
68,3/25/2019 14:32:02,0 / 1,151341000,Female,"5'2""",52,3.69,2019-05-02 00:00:00,Comilla,2,Car,Fuchka,20taka,40taka,eating in a restaurant,,painting,,rarely,,Spicy,,Friends,80000,,,,Yes,Yes,1.0,6,No,Yes,Yes,Khichuri-beef bhuna,food_quality,1,3,Banani Bus stand,,,Banani,rarely,Yes,Yes,RED,jeans&shirt,No,0,Yes,,,No,6000,09:00:00,,,Religion,Maybe,Religious law,Negative,Maybe,rarely,300,30min depending on time,No,High,h,Low,Medium,Online tutorials,Banani,23.793993,90.404274,Sea Beach,,,Spicy Foods,Tv series/movies,not fixed,LR
69,3/25/2019 14:39:01,0 / 1,151341001,Female,5'1'',45,3.24,Below 1 hour,Dhaka,5,Car,"Burger, Biriyani",50,500,Home delivery,5000.0,Movies,Platinum,10,Burger,Spicy,Dhanmondi : lat 23.707310 long 90.415480,Family,7000,Cafe Login,Option 1,lat:23.707310 long: 90.415482,Yes,Yes,0.2,8,No,Yes,Yes,Khichuri,food_quality,4,5,,,,Dhanmondi,1,Maybe,Maybe,RED,jeans&shirt,No,3,No,Be Independent,YES,No. Sometimes well known shops charge more value to gain a huge profit,0,13:00:00,08:00:00,15:30:00,Religion,No,Country law,Negative,No,2,20,1,No,Low,m,Low,Medium,Online tutorials,Uttara,24.098379,90.328712,Home,24.098379,90.328712,Burger,Tv series,Entrepreneur,LR
70,3/24/2019 14:41:32,0 / 1,151341004,Male,5'6'',70,3.71,Below 1 hour,Feni,4,Car,Burger,300,600,eating in a restaurant,900.0,Playing guitar,Gold,1,Burger,Spicy,Dhanmondi,Friends,10000,Barcode,Option 1,Gulshan,Yes,Yes,3.0,6,Yes,Yes,Yes,Burger,food_quality,2,6,Farmgate,10:00:00,Standard Chartered,Panthapath,1,Yes,Yes,RED,trousers/jeans&shirt,No,0,Yes,Travelling,Yes,No.,0,09:00:00,10:30:00,15:30:00,Religion,No,Religious law,Negative,No,10,113,1,Yes,High,h,High,High,Class lectures,Lalmatia,23.7571291,90.3685188,Switzerland,46.547513,7.985291,Fast Food,Newspaper,HS,09:00:00
71,3/24/2019 14:35:08,0 / 1,151341005,Female,4'11'',46,3.27,2019-05-02 00:00:00,Mymensingh,2019-02-01 00:00:00,Rickshaw,chinese,300,900,eating in a restaurant,3500.0,playing violin,Gold,3 days,pizza/biriyani/khichuri,Spicy,Baily Road,Friends,5000,Nandos,Option 1,Gulshan,Yes,Yes,1.0,8,No,Yes,No,Khichuri,both,2,5,Bashabo,10:00:00,Sudipta,Baily Road,3,Yes,No,RED,jeans&shirt,Yes,0,No,Financially Independence,NO,No. It is illogical.,0,08:00:00,08:00:00,18:00:00,Country,No,Country law,Negative,No,5,25,4,No,Low,h,Medium,High,Online tutorials,Bashabo,23.70731,90.415482,Switzerland,46.547513,7.985291,Chinese,Playing Violine,Software Developer,08:00:00
72,3/24/2019 14:35:16,0 / 1,151341006,Female,4.1,51,3.0,Above 5 hour,Satkhira,2019-02-01 00:00:00,Car,"Pizza, Chines food, Indian food, Burger, Pasta",300,300,Home delivery,200.0,browsing internet,Gold,1 times,every season,Sweet,university area,Family,5000,northend,,dhanmondi,Yes,No,1.0,6,No,Yes,Yes,coffee,both,1,1,shaguftaa,08:00:00,southeast bank,"mirpur,banani",2 times,Yes,Yes,RED,urban,Yes,0,Maybe,to become self dependent,maybe,no,0,10:00:00,10:00:00,03:30:00,Religion,No,Religious law,Negative,Maybe,3 times,20,1 hour,No,High,h,High,Medium,Online tutorials,Mirpur Dohs,23.70731,90.41548,Bandarban,21.8311,92.368632,Fast Food,Sleeping,To get a good job,11:00:00
73,3/24/2019 14:34:00,0 / 1,151341008,Female,5.3,48,3.33,2019-05-02 00:00:00,Bagerhat,3,Rickshaw,Kacchi Biriyani,150 BDT,150 BDT,Home delivery,2500.0,"Reading story books,travelling.",Gold,2 times,Kacchi Biriyani,Spicy,Ahsanullah University Of Science And Technology,Family,5000,Khana's,Option 1,Mohammadpur,Yes,No,1.0,6,Maybe,Yes,Yes,Khicuri with Hilsha Fry,Both,2,5,Mohammadpur Bus stand,7,Standard Charterd,Dhanmondi,2,Yes,No,RED,jeans&shirt,Yes,0,Yes,Money And Power,Depends.,"NO,i don't think it is a good idea.",0,06:30:00,08:00:00,06:00:00,Religion,No,Religious law,Negative,No,2,500,3 hours,Maybe,Low,h,High,Medium,Class lectures,Katasur,40.28236,-79.69305,Bandarban,-7.73352,112.95887,Kacchi Biriyani,Sleeping,Don't have,06:00:00
74,3/24/2019 14:39:33,0 / 1,151341009,Female,"5'4""",49,3.64,2019-05-02 00:00:00,Chandpur,5,Rickshaw,"Pasta, Pizza, Kacchi, Chinese",300,300,eating in a restaurant,1200.0,"Reading, Petting animal",Gold,5days,pasta/Kacchi/Khichuri,Spicy,University,Friends,3000,la vie sky diner,,Dhanmondi,Yes,Yes,1.0,6,Yes,Yes,No,Khichuri,both,1,1,none,none,None,Gulshan,1,Yes,Yes,RED,urban,No,0,Maybe,parents,yes,No. It's totally childish,0,11:30:00,08:00:00,18:00:00,Country,No,Religious law,Negative,No,3,2019-10-05 00:00:00,0.5hr,No,High,h,High,High,Class lectures,East Rampura,23.708022,90.417885,Mount Everest,27.988121,86.924973,Chinese food,Reading Books,Higher Study,11:00:00
75,3/29/2019 0:51:29,0 / 1,151341010,Male,5'8,90,3.18,2019-05-02 00:00:00,Dhaka,2019-02-01 00:00:00,Car,Biriyani,200,200,eating in a restaurant,1200.0,Watching Movies,Platinum,0,,Sweet,,Friends,,,,,Yes,Yes,1.0,10,No,Yes,No,Khichuri,food_quality,0,1,Farmgate,7.30 am,,New Market,0,No,No,Yellow,jeans&shirt,No,0,No,,,,0,08:00:00,10:30:00,15:30:00,Religion,No,Religious law,Negative,No,0,0,1,No,Low,m,Low,Medium,Online tutorials,Farmgate,23.7561067,90.3871960999999,Sunamganj,25.04561,91.387138,Regular Food,Watching movie,Web Developer,08:00:00
76,3/24/2019 14:33:55,0 / 1,151341011,Male,161.544,59,3.72,2019-05-02 00:00:00,kishoregonj,2019-02-01 00:00:00,Rickshaw,Kacci,200,400,eating in a restaurant,2000.0,not specific anything,Silver,0,,Sweet,versity,Friends,0,nothing special,,,Yes,No,0.5,8,No,No,No,nothing special,food_quality,1,2,mugda,10 min,no,no preference,2-3 times over a year,No,No,Yellow,jeans&shirt,Maybe,0,Yes,money making,yes,no. this is a kiddy idea,0$,10:00:00,10:00:00,15:00:00,Religion,Maybe,Religious law,Negative,Maybe,1-2 times on average,2019-10-05 00:00:00,2019-02-01 00:00:00,No,High,h,High,High,Class lectures,Mugda,23.729556,90.429214,Cox's Bazar,21.439138,91.967015,Regular Food,Watching movie,Don't have,11:00:00
77,3/24/2019 14:33:11,0 / 1,151341012,Male,5.8,78,2.9,Below 1 hour,Munshiganj,4,Bus,Burger,200,600,eating in a restaurant,1200.0,Traveling,Gold,0,Winter,Sweet,Dhanmundi Lake,Friends,5000-10000,Sultan's Dine,Option 1,Dhanmundi,Yes,Yes,0.3,8,Maybe,Yes,Maybe,Mango,Food_quality,1,4,Dhanmundi,9,Agroni Bank,Panthopoth,2019-03-02 00:00:00,Yes,Maybe,RED,urban,No,0,No,Live Healthy Life,No,No . No need to waste money and valuable time,0$,09:30:00,10:00:00,15:30:00,Religion,Maybe,Religious law,Negative,Maybe,1,40,2019-04-03 00:00:00,Maybe,Medium,h,Medium,Medium,Online tutorials,Zigatola,23.738078,90.372485,Cox's Bazar,21.43392,91.98703,Regular Food,Sports,Don't have,09:00:00
78,3/24/2019 14:42:14,0 / 1,151341013,Male,5'6'',75,3.4,Below 1 hour,Chandpur,3,Cycle,soup and onthon,300,600,eating in a restaurant,1000.0,"anime, tv series and movies",Silver,0,soup and onthon,Spicy,Dhanmondi Park,Friends,3000,Street 11,,Banani,Yes,No,1.0,8,No,Yes,No,soup and onthon,food quality,0,2,zigatola,8,Janata Bank,Newmarket,1,No,No,RED,jeans and shirt,Maybe,0,Yes,money,yes,no,0,09:30:00,10:30:00,03:30:00,Religion,No,Religious law,Negative,Yes,2,50,1,Yes,Low,m,Medium,High,Online tutorials,Jigatola,23.738078,90.372485,Srimangal,24.310454,91.725342,Regular Food,Sports,Software Developer,10:00:00
79,3/24/2019 14:40:12,0 / 1,151341014,Male,5'10'',74,3.36,2019-05-02 00:00:00,Dhaka,2,Rickshaw,"Burger, Pizza, Kacchi Biriyani",500,2000,eating in a restaurant,1500.0,"Watching movies, listening to music",Gold,Once,Cold Beverage/Coffee/Khichuri,Spicy,Farmgate,Friends,4000,Madchef,,Dhanmondi,Yes,Maybe,1.0,6,No,Yes,Maybe,Khichuri,food_quality,1,5,Farmgate,12:00:00,Dutch Bangla Bank,New Market,Once,Maybe,Maybe,RED,Jeans&shirt,No,None,No,Luxury,Maybe,Maybe,7000,00:00:00,10:30:00,03:30:00,Country,No,Country law,Negative,No,Twice,50,1,Maybe,Low,l,Low,Medium,Online tutorials,Bijoy Sarani,23.761888,90.390841,Canada,43.70011,-79.4163,Fast Food,Watching TV Series,Data Scientist,12:00:00
80,3/24/2019 15:19:47,0 / 1,151341015,Male,5'8'',65,2.965,2019-05-02 00:00:00,Dinajpur,2,Rickshaw,Kacchi,200,,eating in a restaurant,1800.0,Travelling,Gold,0,Bhuna Khichuri,Spicy,,Friends,4000,Sultan's Dine,Option 1,Dhanmondi,Yes,Maybe,2.0,6,Maybe,Yes,No,Bhuna Khichuri,food_quality,0,2,Kakoli,12:00:00,,Basundhara,1,Yes,No,RED,jeans&shirt,No,0,Maybe,,May be,Yes.,0,08:00:00,13:00:00,18:00:00,Country,Maybe,Country law,positive,No,1,,2,No,Medium,m,Medium,High,Online tutorials,Kafrul,23.70731,90.415482,Sunamganj,25.04561,91.387138,Regular Food,Sports,Don't have,10:00:00
81,3/29/2019 0:21:29,0 / 1,151341016,Male,5'5'',62,3.15,Below 1 hour,munshigang,2,Car,burger,200,500,eating in a restaurant,150.0,gaming,Platinum,5,none,Spicy,banasree,Family,5000,pebulum,Option 1,shantinagar,Yes,Yes,2.0,5,Yes,Yes,No,none,food_quality,1,15,banasree,1pm,none,none,,Yes,No,RED,jeans & shirt,No,none,No,i love gaming so i want to develop game,yes,yes because they will treat me specially,0,07:00:00,13:00:00,18:00:00,Religion,No,Religious law,Negative,Maybe,1,5,0,No,Low,h,High,High,Online tutorials,Banasree,22.513531,88.301537,turkey,38.963745,35.24332,Chinese food,Gaming,Game Developer,07:00:00
82,3/28/2019 23:28:45,0 / 1,151341017,Female,5.5,49,3.4,2019-05-02 00:00:00,Jhenaidah,3,Car,Burger,200,600,Home delivery,500.0,Reading book,Gold,3,,Spicy,University,Friends,10000,Crimson Cup,Option 1,Banani,No,Maybe,2.0,6,No,Yes,Yes,Khichuri,Food_quality,3,2,,,Dutch Bangla bank,Dhanmondi,2,Maybe,Maybe,RED,Jeans And shirt,Yes,none,No,Learn something new,no,no,0,10:00:00,10:30:00,03:30:00,Religion,Maybe,Religious law,positive,No,3,5,2,Maybe,High,h,High,Medium,Online tutorials,Tajgaon,23.7598,90.3913,Darjeeling,27.036,88.2627,Fast Food,Reading Books,Don't have,10:00:00
83,3/24/2019 14:42:02,0 / 1,151341019,Male,5 feet 8 inch,90,2.75,2019-05-02 00:00:00,Dhaka,2,Car,Kacchi Biriyani,200 tk,600,eating in a restaurant,5000.0,Watching cricket and football on tv,Platinum,2019-02-01 00:00:00,Basmoti Kacchi,Spicy,Restaurants,Friends,1500 tk,Sultan's Dine,Option 1,Dhanmondi,Yes,Yes,2.0,8,Yes,Yes,No,Beef khicuri,both,0,4,Shyamoli,7 p.m,bkash,Dhanmondi,0,Maybe,Maybe,Yellow,jeans & shirt,No,0,No,Being a good personel,No,No,2000 tk,07:00:00,08:00:00,06:00:00,Religion,Maybe,Religious law,Negative,Maybe,2 or 3 times,20,2 to 3 hours,No,Low,m,Medium,Medium,Online tutorials,Shyamoli,23.7718,90.3631,Sylhet,24.8949,91.8687,Regular Food,Sports,Don't have,09:00:00
84,3/28/2019 23:26:16,0 / 1,151341020,Male,"5'6""",46,2.97,2019-05-02 00:00:00,Mymensingh,2,Rickshaw,Biriyani,150,400,eating in a restaurant,3500.0,"Listening Music, Playing Games",Gold,2,Biriyani/Vegetables/Khichuri,Spicy,Tong,Friends,4000,TeheriGhor,Option 1,Dhanmondi,Yes,No,1.0,8,No,Yes,Maybe,Khichuri,quality,0,2,,,BKash,Elephant Road,1,Yes,Yes,RED,jeans&shirt,No,none,No,Money,Yes,No,8000,09:00:00,10:30:00,03:30:00,Country,No,Country law,Negative,Maybe,1,2019-03-02 00:00:00,1,Maybe,Low,M,Low,High,Online tutorials,Mirpur 60 Feet,23.790579,90.365308,Meghalaya,25.572491,91.31076,Kacchi Biriyani,Playing games and watching Movies,Higher Study,9.30 Am
85,3/24/2019 14:29:31,0 / 1,151341021,Male,"5'3""",61,3.48,2019-05-02 00:00:00,Lakshmipur,4,Bus,"Pasta, Pizza, Kacchi, Chinese, Traditional, Rice Bowl",400,1000,eating in a restaurant,3000.0,"Watching TV Series, Anime, Documentaries. Making tutorial videos.",Silver,1,Khacchi,Spicy,Khilgaon,Friends,6000,la vie sky dinner,Option 1,Dhanmondi,Yes,Yes,3.0,8,No,No,Yes,"Pasta, Pizza",Both,0,4,Rayerbag,11,DBBL,Dhanmondi,2,No,No,RED,Jeans & Shirt,No,None,Yes,To become famous and and have my work impacting others life for well being.,Yes,No,0,10:00:00,13:00:00,18:00:00,Religion,Maybe,Country law,positive,Maybe,4,200,1,Maybe,Low,h,High,High,Online tutorials,Rayerbag,23.693846,90.455336,China,34.626036,103.649834,Regular Food,"TV Series, Documentaries",Higher Study,10.00 AM
86,3/24/2019 14:42:29,0 / 1,151341022,Male,"5'10""",50,2.69,Above 5 hour,Comilla,3,Car,"Kacchi, Mutton",300,2000,Home delivery,700.0,"Travelling, Gaming",Platinum,3,Bhuna khichuri,Spicy,Not Specific,Friends,6000,"Not specific, Depends on environment",Option 1,Null,No,No,2.0,8,No,Yes,Yes,Khichuri,food_quality,2,2,Rampura,09:00:00,,Boshundhora Shopping Mall,3,Yes,Yes,RED,jeans & shirt,Yes,Null,Yes,No future goal actually,No,Yes,0,10:00:00,10:30:00,15:30:00,Country,No,Religious law,Negative,No,2019-04-03 00:00:00,30,2,Maybe,Low,m,Medium,Medium,Online tutorials,Mohanogor Project ,23.7676,90.4147,Sajek,23.382,92.2938,Fast Food,Watching movie,Don't have,11:00:00
87,3/24/2019 14:36:29,0 / 1,151341023,Female,5 feet 5 inch,40,3.42,2019-05-02 00:00:00,B.Baria,2019-02-01 00:00:00,Rickshaw,"Icecream,Pasta,Chinese",200,600,Home delivery,2500.0,Reading Books,Gold,2,Juice/Coffee/Khichuri,Sweet,University,Friends,5000,Pizza Square,Option 1,Mohammadpur,Yes,No,1.0,6,Maybe,Yes,Yes,Khichuri,both,2,4,shuchona,7,,Mohammadpur,5,No,No,RED,linen shirt and trousers,Maybe,0,No,Earning,yes,no i dont think so. Emphasis should be on the quality of the product,0,07:00:00,08:00:00,06:00:00,Religion,No,Religious law,Negative,Maybe,5,10,7,Maybe,Medium,h,Medium,Medium,Online tutorials,Shekhertek,23.838511,90.224784,Cox's Bazar,21.43392,91.98703,Cold Beverage,Reading Books,HS,06:00:00
88,3/24/2019 14:41:22,0 / 1,151341026,Male,"5'8""",64,3.3,2019-05-02 00:00:00,Manikgong,4,Cycle,Kacchi,180,720,eating in a restaurant,2500.0,Drawing,Gold,2,Halim,Spicy,Mohammadpur,Friends,5000,Chillox,Option 1,Dhanmondi,Yes,Yes,1.0,8,No,Yes,No,khichuri,food_quality,1,3,Mohammadpur,08:00:00,DBBL,Boshundhara City,1,No,Yes,RED,jeans&shirt,Yes,1,Yes,"Love to watch anime, So want to work as Motion Graphics Designer",Maybe,No,None,10:00:00,11:00:00,03:30:00,Religion,No,Religious law,Negative,Maybe,1,30,3,No,High,h,High,Medium,Online tutorials,Chand Housing,23.758861,90.35858,Bandarban,21.8311,92.368632,Regular Food,Sports ,Don't have,10:30:00
89,3/24/2019 14:46:23,0 / 1,151341027,Male,5.1,70,3.76,2019-05-02 00:00:00,Pabna,3,Rickshaw,Grilled Chicken,90,200,eating in a restaurant,0.0,Watching Movie,Silver,2,winter,Spicy,University,Friends,1000,Star Kebab,Option 1,Dhanmondi,No,No,3.0,10,Maybe,Yes,No,Spicy Muri,food_quality,0,3,none,none,Brac Bank,New Market,1,No,No,Yellow,jeans&shirt,Maybe,1,No,Knowledge & Money,No,No,0,10:00:00,10:30:00,18:00:00,Religion,No,Religious law,positive,Maybe,5,10,2,No,High,h,Medium,High,Online tutorials,Modhubag,23.760223,90.411561,Bandarban,21.8311,92.368632,Regular Food,Sleeping,Don't have,12:00:00
90,3/24/2019 23:08:08,0 / 1,151341028,Male,5.9,58,3.38,Below 1 hour,Noakhali,2,Bus,Biriyani,200,200,eating in a restaurant,2500.0,Playing Football,Silver,2,winter,Sweet,University,Friends,3000,Sultan dine's,Option 1,Jigatola,Yes,No,3.0,8,Yes,No,No,Khichuri,food_quality,0,3,Mirpur,11am,none,Mirpur 1,1,No,No,Yellow,jeans&shirt,Maybe,0,No,"Money, Knowledge and Respect",maybe,No.,0,08:00:00,10:30:00,15:30:00,Country,No,Country law,Negative,Maybe,3,100,1,No,Medium,m,Medium,High,Online tutorials,Mirpur 6,23.814654,90.362371,Bandarban,22.19534,92.21946,Regular Food,Sports,Don't have,10:00:00
91,3/24/2019 14:35:07,0 / 1,151341029,Male,"5'5""",96,3.43,Below 1 hour,Manikgonj,3,Car,"Chinese, Pizza, Pasta, Noodles, Polao, Roast",1500,3000,Home delivery,3000.0,"Reading books, Watching movies",Platinum,1 or 2 days,"cold coffee, pasta, soup, khicuri",Sweet,Varsity,Friends,2500,Mid Night Sun,,"Khilgaon, Dhanmondi",Yes,Maybe,8.0,6,No,Yes,Yes,"Khicuri, Pasta, Pizza, Polao",food_quality,2,5,Segunbagicha,07:45:00,UCBL,Dhanmondi,2,Yes,No,RED,jeans&shirt / linen shirt and trousers,No,0,Yes,To become entrepreneur,"yes, I would",no,1000,10:00:00,13:00:00,18:00:00,Country,Maybe,Religious law,positive,No,1 or 2,15+,2,No,Medium,h,Medium,High,Online tutorials,Segunbagicha,23.7325976,90.4025838,Spain,40.463669,-3.74922,Mix Food, watching movie and anime,give own IT Farm,10:30:00
92,3/29/2019 21:04:09,0 / 1,151341031,Female,5 ft,37,2.71,Below 1 hour,Dhaka,2019-02-01 00:00:00,Rickshaw,kacchi,180,200,eating in a restaurant,4000.0,,Silver,0,,Spicy,university,Friends,5000,,,,Yes,Yes,0.0,8,No,Yes,Yes,Khichuri,Excellent,1,2,,,,Dhanmondi,1,Yes,Yes,RED,,No,0,Yes,,,No,12k - 20k,08:00:00,13:00:00,15:30:00,Religion,No,Religious law,Negative,No,0,150,1,Maybe,Medium,medium,Low,Low,Online tutorials,Ajimpur,23.720856,90.384846,Tallinn,59.436962,24.753574,Nothing specific,Nothing specific,Not set,05:00:00
93,3/24/2019 15:30:41,0 / 1,151341035,Male,5'5'',50,3.62,2019-05-02 00:00:00,Chandpur,5,Rickshaw,Not anything in particular,na,na,eating in a restaurant,2000.0,Playing games,Platinum,na,na,Spicy,Farmgate,Friends,na,na,Option 1,na,Yes,Yes,1.0,8,No,Yes,No,na,food_quality,1,2,na,na,na,New Market,2019-02-01 00:00:00,Yes,Maybe,RED,trousers/jeans&shirt,No,na,Yes,Parents,Yes,No.,100000,10:00:00,08:00:00,18:00:00,Religion,No,Religious law,Negative,Yes,2019-03-02 00:00:00,100000,2019-03-02 00:00:00,Maybe,High,h,High,High,Class lectures,Green Road,46.09124,-67.755478,Madrid,40.416775,-3.70379,Nothing Specific,Playing Games,Higher Study,11:00:00
94,3/31/2019 10:54:50,0 / 1,151341036,Female,5.4,56,3.43,2019-05-02 00:00:00,tangail,2,Car,waffle,250,1000,eating in a restaurant,6000.0,cooking,Gold,2 times,lichi /orange/khichuri,Spicy,restaurants in shatmosjid road,Friends,15k,woodhouse grill,Option 1,gulshan,Yes,No,2.0,10,No,Yes,Yes,khichuri,environment,2,3,science lab,08:00:00,brac,dhanmondi,2019-03-02 00:00:00,Yes,Yes,RED,jeans & shirt,Yes,0,Yes,become an independent woman,yes,"no , social media is a part of life , not everything . i don't take social media that seriously .",0,09:00:00,10:00:00,04:00:00,Country,No,Religious law,Negative,No,2019-09-08 00:00:00,20,2019-03-02 00:00:00,No,Medium,m,Medium,High,Class lectures,North Road,23.743926,90.387736,phuket,7.951933,98.338089,waffle,watching movies,Higher Study,10:00:00
95,3/24/2019 15:28:53,0 / 1,151341037,Male,5'10'',89,3.23,2019-05-02 00:00:00,gazipur,3,Rickshaw,kacchi,200,500,eating in a restaurant,1500.0,coocking,Silver,,Kacchi,Spicy,Dhanmondi,Alone,3000,Sultan' Dine,,Dhanmondi,Yes,Yes,3.0,6,Yes,Yes,No,kacchi,food quality,0,1,,,DBBL,New Market,0,Yes,Yes,,jeans & shirt,No,0,Yes,Parents,Yes,No,10k,10:00:00,01:00:00,15:30:00,Religion,No,Country law,Negative,No,5,20000,0,Yes,Medium,h,High,High,Online tutorials,Mohakhali,23.781866,90.397428,Silicon Valley,37.334789,-121.888138,Biriyani,Online Games,Aerospace Engineer,09:30:00
96,3/24/2019 15:30:36,0 / 1,151341038,Female,"5'2""",57,3.0,2019-05-02 00:00:00,Jessore,3,Car,Pasta,300,1000,eating in a restaurant,3000.0,Painting,Platinum,2019-04-03 00:00:00,Tea,Spicy,Dhanmondi,Friends,1000,Nerdy Beans,Option 1,Dhanmondi,Yes,No,1.0,10,No,Yes,Maybe,Khichuri,Food Quality,2,4,None,None,None,Baily Road,2,Maybe,Maybe,RED,urban,Maybe,3,No,Be self independent,yes I will persue my goal,no.,none,01:30:00,03:30:00,06:00:00,Country,No,Country law,Negative,No,2019-05-04 00:00:00,100+,2019-02-01 00:00:00,Maybe,Medium,,Medium,Medium,Online tutorials,Siddheswari,23.70731,90.415482,Paris,48.856613,2.352222,Nothing specific,Painting,Higher Study,11:00:00
97,3/28/2019 23:23:21,0 / 1,151341039,Male,5ft 9 inch,75,3.3,2019-05-02 00:00:00,Rajshahi,2019-02-01 00:00:00,Rickshaw,Pasta,300,2000,Home delivery,1300.0,Gaming,Gold,5,Pasta,Spicy,Dhanmondi Lake,Friends,Depends on the place(modest budget),Dining Lounge,Option 1,Khilgaon,Yes,Yes,5.0,8,No,Yes,No,Pasta,Environment,10,5,Mohakhali,10:00:00,DBBL,Gulshan,1,Yes,No,RED,urban/linen shirt and trousers,No,0,No,Developing and playing games,Yes,"No,because managing economy and getting something comfortable enough are more important than thinking about status",30000,10:00:00,10:30:00,15:30:00,Religion,No,Religious law,positive,Maybe,10,15,0,Yes,Low,h,Low,High,Online tutorials,Niketan,23.772723,90.407411,Florence,43.769562,11.255814,Pasta,Gaming,Game Development,10.00 AM
98,3/29/2019 1:03:11,0 / 1,151341040,Female,"5'2""",56,3.246,2019-05-02 00:00:00,Chittagong,3,Rickshaw,Pasta,300,300,Home delivery,1800.0,Reading Books,Gold,0,Cold Drinks/Cheese Cake/Khichuri-kalabhuna,Spicy,Varsity,Friends,5000,Barcode,Option 1,Banani,No,Yes,0.0,6,Yes,Yes,No,Khichuri-Kala-bhuna,Food-quality,2,2,,,Dutch Bangla Bank,DCC,1,Yes,No,RED,Linen Kamij,Yes,0,Yes,To fulfill my parents' dream,Yes,No. I don't think so.,0,12:00:00,08:00:00,15:30:00,Country,No,Country law,positive,Yes,3,Around 100,2019-05-04 00:00:00,No,Low,M,Low,High,Online tutorials,Niketan,23.77195,90.410318,Barcelona,41.385063,2.173404,Anything if cooked perfectly,Reading Books,Working on Machine Learning Field,12:00:00
99,3/29/2019 1:19:02,0 / 1,151341043,Male,5 feet 8 inch,70,3.845,2019-05-02 00:00:00,Munshiganj,2,Car,Payes,200,200,Home delivery,600.0,Watching cricket,Gold,1,Payes/Payes/Payes,Sweet,Munshiganj,Family,2000,BFC,Option 1,Siddeswari,Yes,Maybe,0.5,10,No,No,No,Payes,food_quality,2,5,Mouchak,10:00:00,Sonali Bank,Siddeswari,1,No,Maybe,RED,jeans&shirt,No,0,Yes,To be successful and honest,Yes,No.I don't like show off,0,09:00:00,10:30:00,18:00:00,Religion,Maybe,Religious law,positive,Yes,2,250,0,No,High,High,High,High,Class lectures,Siddheswari,23.70731,90.41548,New York,40.712776,-74.005974,Nothing Specific,Watching Cricket,Higher Study,10:00:00
100,3/31/2019 15:31:16,0 / 1,151341044,Male,5.5,64,2.7,2019-05-02 00:00:00,Rajshahi,4,Rickshaw,elish,400,2500,eating in a restaurant,2500.0,teaching student,Platinum,2,winter,Spicy,Rajshahi,Family,10000,AL-kaderia,Option 1,Rampura bajar,Yes,Yes,1.0,8,Yes,Yes,No,kichuri,food quality,5,6,hajipara,08:00:00,DBBL,new market,2019-03-02 00:00:00,No,Yes,RED,jeans and shirt,No,no one,Yes,nothing,,,30000,07:30:00,08:00:00,15:30:00,Religion,No,Religious law,positive,Yes,20,100,2019-05-04 00:00:00,No,Medium,m,Medium,Medium,Online tutorials,Modhubag,23.75124,90.409029,Makkah,21.38908,39.85791,Prawn and Elish,Teach Student,BCS Cadre,                                                   7.30 AM
101,3/28/2019 23:28:06,0 / 1,151341045,Male,5 ft 11 inches,80,3.44,2019-05-02 00:00:00,Chittagong,2019-02-01 00:00:00,Car,Cheescake,Butler's Chocolate Cafe,1000,Home delivery,1500.0,Music,Gold,<1,,Sweet,Banani,Friends,4000,Butler's Chocolate Cafe,Option 1,Gulshan,No,Yes,1.0,8,No,Yes,No,Khichudi,food_quality,10,2,,,United Commercial Bank,Banani,<1,No,Yes,RED,jeans&shirt,Yes,0,No,Personal Satisfaction,Yes,No,0,07:45:00,08:00:00,18:00:00,Religion,No,Religious law,Negative,Maybe,2,100,1,Maybe,Low,h,Medium,High,Online tutorials,Wireless Gate,23.7822038,90.4086827,Times Square,40.759,73.9845,Cheesecake,Music,Higher Study,12:00:00
